,1.000000000000000000e+00,9.003241658210754395e-01,3.585899472236633301e-01,5.145867168903350830e-02,4.659643396735191345e-02,1.268233358860015869e-01,1.333063244819641113e-01,1.191247999668121338e-01,1.106158867478370667e-01,1.130470037460327148e-01,1.065640226006507874e-01,1.069692075252532959e-01,1.158833056688308716e-01,1.223662868142127991e-01,1.223662868142127991e-01.1,1.195299848914146423e-01,1.158833056688308716e-01.1,1.223662868142127991e-01.2,1.260129660367965698e-01,1.337115019559860229e-01,1.349270641803741455e-01,1.426256150007247925e-01,1.511345207691192627e-01,1.584278792142868042e-01,1.636953055858612061e-01,1.738249659538269043e-01,1.888168603181838989e-01,2.078606188297271729e-01,2.309562414884567261e-01,2.585089206695556641e-01,2.945705056190490723e-01,3.257698416709899902e-01,3.626418113708496094e-01,3.982982039451599121e-01,4.294975697994232178e-01,4.493516981601715088e-01,4.509724378585815430e-01,4.189627170562744141e-01,3.727714717388153076e-01,3.103727698326110840e-01,2.500000000000000000e-01,2.042139321565628052e-01,1.689627170562744141e-01,1.474878489971160889e-01,1.304700225591659546e-01,1.243922188878059387e-01,1.175040528178215027e-01,1.166936755180358887e-01,1.158833056688308716e-01.2,1.187196075916290283e-01,1.154781207442283630e-01,1.138573735952377319e-01,1.195299848914146423e-01.1,1.166936755180358887e-01.1,1.227714717388153076e-01,1.207455396652221680e-01,1.166936755180358887e-01.2,1.227714717388153076e-01.1,1.264181584119796753e-01,1.316855698823928833e-01,1.418152302503585815e-01,1.393841207027435303e-01,1.450567245483398438e-01,1.434359848499298096e-01,1.410048604011535645e-01,1.405996829271316528e-01,1.381685584783554077e-01,1.369529962539672852e-01,1.320907622575759888e-01,1.284440904855728149e-01,1.284440904855728149e-01.1,1.280388981103897095e-01,1.252025961875915527e-01,1.223662868142127991e-01.3,1.170988678932189941e-01,1.126418188214302063e-01,1.130470037460327148e-01.1,1.276337057352066040e-01,1.653160452842712402e-01,1.794975697994232178e-01,1.612641811370849609e-01,1.766612678766250610e-01,1.827390640974044800e-01,1.746353358030319214e-01,1.515397131443023682e-01,1.478930264711380005e-01,1.349270641803741455e-01.1,1.227714717388153076e-01.2,1.069692075252532959e-01.1,9.805510193109512329e-02,9.440843015909194946e-02,8.914100378751754761e-02,8.914100378751754761e-02.1,8.873581886291503906e-02,9.076175093650817871e-02,8.589951694011688232e-02,8.589951694011688232e-02.1,8.914100378751754761e-02.2,8.427876979112625122e-02,5.794165283441543579e-02,0.000000000000000000e+00,1.162884905934333801e-01,3.095623850822448730e-01,8.342787623405456543e-01,9.643436074256896973e-01,5.615883469581604004e-01,8.144246041774749756e-02,3.241490945219993591e-02,1.126418188214302063e-01.1,1.523500829935073853e-01,1.357374340295791626e-01,1.247974038124084473e-01,1.235818490386009216e-01,1.235818490386009216e-01.1,1.158833056688308716e-01.3,1.154781207442283630e-01.1,1.166936755180358887e-01.3,1.247974038124084473e-01.1,1.280388981103897095e-01.1,1.300648301839828491e-01,1.268233358860015869e-01.1,1.296596378087997437e-01,1.361426264047622681e-01,0.000000000000000000e+00.1,0.000000000000000000e+00.2,0.000000000000000000e+00.3,0.000000000000000000e+00.4,0.000000000000000000e+00.5,0.000000000000000000e+00.6,0.000000000000000000e+00.7,0.000000000000000000e+00.8,0.000000000000000000e+00.9,0.000000000000000000e+00.10,0.000000000000000000e+00.11,0.000000000000000000e+00.12,0.000000000000000000e+00.13,0.000000000000000000e+00.14,0.000000000000000000e+00.15,0.000000000000000000e+00.16,0.000000000000000000e+00.17,0.000000000000000000e+00.18,0.000000000000000000e+00.19,0.000000000000000000e+00.20,0.000000000000000000e+00.21,0.000000000000000000e+00.22,0.000000000000000000e+00.23,0.000000000000000000e+00.24,0.000000000000000000e+00.25,0.000000000000000000e+00.26,0.000000000000000000e+00.27,0.000000000000000000e+00.28,0.000000000000000000e+00.29,0.000000000000000000e+00.30,0.000000000000000000e+00.31,0.000000000000000000e+00.32,0.000000000000000000e+00.33,0.000000000000000000e+00.34,0.000000000000000000e+00.35,0.000000000000000000e+00.36,0.000000000000000000e+00.37,0.000000000000000000e+00.38,0.000000000000000000e+00.39,0.000000000000000000e+00.40,0.000000000000000000e+00.41,0.000000000000000000e+00.42,0.000000000000000000e+00.43,0.000000000000000000e+00.44,0.000000000000000000e+00.45,0.000000000000000000e+00.46,0.000000000000000000e+00.47,0.000000000000000000e+00.48,0.000000000000000000e+00.49,0.000000000000000000e+00.50,0.000000000000000000e+00.51,0.000000000000000000e+00.52,0.000000000000000000e+00.53,0.000000000000000000e+00.54,0.000000000000000000e+00.55,0.000000000000000000e+00.56,0.000000000000000000e+00.57,0.000000000000000000e+00.58,0.000000000000000000e+00.59,0.000000000000000000e+00.60,0.000000000000000000e+00.61,0.000000000000000000e+00.62,0.000000000000000000e+00.63,0.000000000000000000e+00.64,0.000000000000000000e+00.65
0,1.0,0.7946814894676208,0.375386506319046,0.11688311398029327,0.0,0.17192330956459043,0.283858984708786,0.29375386238098145,0.3259121775627136,0.34508347511291504,0.3617810904979705,0.36239951848983754,0.36611008644104,0.3679653704166412,0.37414965033531195,0.3778602480888367,0.3821892440319061,0.3846629559993744,0.3988868296146393,0.4013605415821075,0.4180581271648407,0.4434137344360352,0.4576376080513,0.487940639257431,0.5207173824310304,0.5596784353256224,0.604205310344696,0.6345083713531494,0.6536796689033508,0.6728509664535521,0.6784168481826783,0.6604823470115662,0.6215213537216187,0.5559678673744202,0.482374757528305,0.4384663105010986,0.3784786760807037,0.3512677848339081,0.31972789764404297,0.3067408800125122,0.29560914635658264,0.2931354343891143,0.2918985784053802,0.2925170063972473,0.2789115607738495,0.2789115607738495,0.2807668447494507,0.2807668447494507,0.2857142984867096,0.27458256483078,0.2752009928226471,0.27396413683891296,0.2844774127006531,0.27643784880638117,0.2752009928226471,0.27767470479011536,0.27952998876571655,0.2826221287250518,0.27952998876571655,0.2733457088470459,0.26839825510978693,0.2690166831016541,0.26777982711792,0.2572665512561798,0.2523190975189209,0.252937525510788,0.2572665512561798,0.2498453855514526,0.2510822415351868,0.2510822415351868,0.2498453855514526,0.2418058067560196,0.2411873787641525,0.243661105632782,0.2448979616165161,0.23933209478855136,0.2418058067560196,0.2387136667966842,0.24242424964904785,0.2411873787641525,0.23067408800125125,0.2325293719768524,0.2282003760337829,0.2374768108129501,0.2430426776409149,0.243661105632782,0.2430426776409149,0.2690166831016541,0.2634508311748505,0.2906617224216461,0.27643784880638117,0.2782931327819824,0.2517006695270538,0.25664812326431274,0.2523190975189209,0.24613481760025024,0.2467532455921173,0.2380952388048172,0.22077922523021695,0.23067408800125125,0.23562152683734894,0.24613481760025024,0.244279533624649,0.25046381354331965,0.2585034072399139,0.2560296952724457,0.3469387888908386,0.41682127118110657,0.5170068144798278,0.8695114254951476,0.9845392704010008,0.5553494095802308,0.2418058067560196,0.03092145919799805,0.044526901096105576,0.22758194804191584,0.26839825510978693,0.28138527274131775,0.31663575768470764,0.3259121775627136,0.3314780592918396,0.3395176231861114,0.3487940728664398,0.3469387888908386,0.344465047121048,0.35003092885017395,0.35930734872817993,0.36672851443290716,0.37662336230278015,0.3858998119831085,0.3976499736309052,0.41682127118110657,0.0,0.0,0.0,0.0,0.0,0.0,0.0,0.0,0.0,0.0,0.0,0.0,0.0,0.0,0.0,0.0,0.0,0.0,0.0,0.0,0.0,0.0,0.0,0.0,0.0,0.0,0.0,0.0,0.0,0.0,0.0,0.0,0.0,0.0,0.0,0.0,0.0,0.0,0.0,0.0,0.0,0.0,0.0,0.0,0.0,0.0,0.0,0.0,0.0,0.0,0.0,0.0,0.0,0.0,0.0,0.0
1,0.909028947353363,0.7914820909500122,0.423168659210205,0.18671210110187528,0.0,0.007836456410586836,0.063032366335392,0.07700170576572417,0.07495740801095961,0.0773424208164215,0.0773424208164215,0.08722317218780518,0.09199318289756775,0.0950596258044243,0.09642248600721359,0.10494037717580797,0.10800681263208388,0.11379897594451906,0.11652470380067825,0.11993185430765152,0.12436115741729735,0.1321976184844971,0.14582623541355133,0.15264055132865906,0.1635434478521347,0.17546848952770233,0.18943782150745392,0.2047700136899948,0.22930152714252475,0.2528108954429626,0.27597954869270325,0.3025553524494171,0.3212947249412537,0.33390119671821594,0.3458262383937836,0.3485519587993622,0.3471890985965729,0.3342418968677521,0.3066439628601075,0.27461668848991394,0.23781941831111905,0.20647358894348145,0.18364565074443814,0.16252128779888153,0.14514480531215668,0.135264053940773,0.1257240176200867,0.11993185430765152,0.11584327369928363,0.11277683079242705,0.11005111038684846,0.1131175458431244,0.1107325404882431,0.10902895778417587,0.11175468564033507,0.11175468564033507,0.11618398874998093,0.11993185430765152,0.1212947219610214,0.12061328440904617,0.11788756400346757,0.12299829721450803,0.12436115741729735,0.1257240176200867,0.12402044236660002,0.126064732670784,0.12708687782287595,0.12197615206241608,0.12708687782287595,0.1264054477214813,0.1287904530763626,0.1264054477214813,0.12436115741729735,0.125042587518692,0.1321976184844971,0.12947189807891843,0.12708687782287595,0.12367972731590272,0.1264054477214813,0.12299829721450803,0.12061328440904617,0.12197615206241608,0.12061328440904617,0.1264054477214813,0.12265758216381073,0.12402044236660002,0.12163543701171875,0.1247018724679947,0.12844973802566528,0.13151618838310242,0.13185690343379972,0.13492333889007568,0.13662691414356232,0.1356047689914703,0.13662691414356232,0.13458262383937838,0.13492333889007568,0.13492333889007568,0.13594548404216766,0.14071550965309143,0.1390119194984436,0.14071550965309143,0.14105622470378879,0.14446337521076202,0.14480409026145935,0.14446337521076202,0.14412266016006467,0.14514480531215668,0.14889267086982727,0.1482112407684326,0.15127767622470856,0.1482112407684326,0.14684838056564334,0.1478705257177353,0.1492333859205246,0.1516183912754059,0.16320273280143738,0.18841567635536194,0.20919932425022125,0.21601362526416776,0.2538330554962159,0.2582623362541199,0.2603066563606263,0.26132878661155695,0.23270869255065915,0.21976150572299963,0.2126064747571945,0.1696763187646866,0.14037477970123294,0.12981261312961578,0.12674616277217865,0.12538330256938934,0.126064732670784,0.1287904530763626,0.11277683079242705,0.135264053940773,0.22896081209182734,0.5908007025718689,0.9904599785804749,1.0,0.6749573945999146,0.3325383365154266,0.13151618838310242,0.07768313586711884,0.13424190878868106,0.16729131340980527,0.1662691682577133,0.16831345856189728,0.16831345856189728,0.1700170338153839,0.17410561442375186,0.17819420993328092,0.18364565074443814,0.18637138605117798,0.1911413967609405,0.1945485472679138,0.20170357823371887,0.20817717909812927,0.21226575970649722,0.21976150572299963,0.2275979518890381,0.23884156346321106,0.24906302988529205,0.2545144855976105,0.2701874077320099,0.0,0.0,0.0,0.0,0.0,0.0,0.0,0.0,0.0,0.0,0.0,0.0,0.0,0.0,0.0,0.0,0.0,0.0,0.0,0.0,0.0,0.0,0.0
2,1.0,0.4788933396339417,0.05675984174013138,0.06417569518089294,0.08128921687602995,0.07273245602846146,0.055618938058614724,0.04877353087067604,0.05447803810238839,0.04164289683103562,0.049058757722377784,0.05134055763483048,0.04934398084878922,0.04592127725481987,0.049914430826902396,0.053907588124275214,0.049629207700490945,0.04592127725481987,0.05504848808050156,0.05362236127257347,0.06360524892807007,0.0661722794175148,0.08328579366207124,0.09498003125190736,0.11580148339271545,0.13120365142822266,0.1531659960746765,0.17826582491397855,0.21021106839179993,0.2327438741922378,0.2661152184009552,0.286651462316513,0.3057615458965301,0.3174557983875274,0.30490586161613464,0.2646891176700592,0.22390188276767728,0.19167141616344446,0.1409013122320175,0.11180832982063292,0.0924130082130432,0.06959497928619385,0.0738733634352684,0.055904164910316474,0.06417569518089294,0.055904164910316474,0.05333713814616203,0.05419281125068665,0.06274957209825514,0.0638904720544815,0.0638904720544815,0.06873930245637892,0.06731317937374115,0.06474614888429642,0.0653166025876999,0.06930975615978241,0.06474614888429642,0.06560182571411134,0.06446092575788498,0.06046776846051215,0.06560182571411134,0.06645750254392625,0.056474614888429635,0.06018254533410072,0.05191101133823395,0.05191101133823395,0.050199657678604126,0.049058757722377784,0.045350827276706696,0.05790074169635774,0.052196234464645386,0.039361096918582916,0.04420992732048035,0.04192812368273735,0.04734740406274796,0.04677695408463479,0.04363947361707687,0.042783800512552254,0.04050199687480927,0.03707929328083993,0.04734740406274796,0.04249857366085053,0.039646320044994354,0.04050199687480927,0.03736451640725136,0.03907587006688117,0.04420992732048035,0.03736451640725136,0.03508271649479866,0.031089561060070988,0.034512266516685486,0.029663434252142906,0.03650884330272675,0.03051910921931266,0.03508271649479866,0.04192812368273735,0.03736451640725136,0.035653166472911835,0.030233884230256074,0.03879064321517944,0.03622361645102501,0.028522532433271405,0.0353679396212101,0.03879064321517944,0.03194523602724075,0.0430690236389637,0.03508271649479866,0.03622361645102501,0.03822019323706626,0.05989731848239899,0.07216200977563858,0.07130633294582367,0.08870507776737213,0.1069594994187355,0.11323445290327072,0.12122076749801634,0.13034798204898831,0.10296634584665297,0.08128921687602995,0.05932686850428581,0.034512266516685486,0.027666857466101646,0.033656589686870575,0.027952082455158237,0.018824871629476547,0.02224757522344589,0.024814603850245472,0.023388477042317394,0.02538505382835865,0.0,0.010553336702287197,0.2749572098255157,0.6591557264328003,0.9386765360832215,0.7703936100006104,0.1406160891056061,0.06103821843862532,0.08699372410774232,0.0,0.0,0.0,0.0,0.0,0.0,0.0,0.0,0.0,0.0,0.0,0.0,0.0,0.0,0.0,0.0,0.0,0.0,0.0,0.0,0.0,0.0,0.0,0.0,0.0,0.0,0.0,0.0,0.0,0.0,0.0,0.0,0.0,0.0,0.0,0.0,0.0,0.0,0.0,0.0,0.0,0.0,0.0,0.0,0.0,0.0,0.0,0.0,0.0,0.0
3,1.0,0.8672383427619935,0.20136013627052307,0.09934949874877927,0.14133648574352264,0.12093435972929002,0.10851567238569261,0.0963926687836647,0.09343583881855012,0.10082791000604628,0.08693081140518188,0.09402720630168913,0.09580130130052568,0.0963926687836647,0.08959195762872696,0.09491425007581712,0.08959195762872696,0.09491425007581712,0.0981667637825012,0.10230632871389389,0.09964518249034879,0.09668835252523421,0.10851567238569261,0.12773506343364716,0.1283264309167862,0.14902424812316892,0.17238320410251615,0.20402128994464877,0.22176226973533633,0.25428739190101624,0.2847427427768707,0.3092844486236572,0.32968658208847046,0.34417504072189326,0.35984623432159424,0.333530455827713,0.2921348214149475,0.25340035557746887,0.21673566102981567,0.17149615287780762,0.13867534697055814,0.11590774357318878,0.10644589364528656,0.10348905622959137,0.08515670895576476,0.08338261395692825,0.08900059014558791,0.08190419524908064,0.08072146773338316,0.08604376018047333,0.08131283521652223,0.07687758654356004,0.0887049064040184,0.0963926687836647,0.10289769619703293,0.08811353892087936,0.09461856633424762,0.10585452616214752,0.10141927748918532,0.08811353892087936,0.10053222626447676,0.09550561755895615,0.10467179119586943,0.091661736369133,0.08988764137029648,0.09520993381738663,0.09846244752407073,0.08515670895576476,0.08515670895576476,0.091661736369133,0.076286219060421,0.08308693021535872,0.07746895402669907,0.0839739814400673,0.07539917528629304,0.07421644032001495,0.08367829769849779,0.07392075657844542,0.07392075657844542,0.06978119164705278,0.07303370535373686,0.07273802161216736,0.06771141290664674,0.07007687538862228,0.08338261395692825,0.06268480420112608,0.07244234532117842,0.07096392661333084,0.07865168899297714,0.07539917528629304,0.06534595042467117,0.08072146773338316,0.07332938909530638,0.06475458294153214,0.08013010025024415,0.0718509778380394,0.07007687538862228,0.06564163416624069,0.07539917528629304,0.06386753171682358,0.06386753171682358,0.07007687538862228,0.06623300164937973,0.0688941478729248,0.06712004542350769,0.06238912045955657,0.06918983161449432,0.06534595042467117,0.07066824287176131,0.06386753171682358,0.06682436168193816,0.08456534892320634,0.105558842420578,0.08900059014558791,0.10171496123075485,0.1250739246606827,0.1374926120042801,0.14281490445137027,0.1593731492757797,0.1250739246606827,0.10969839990139008,0.08219987899065018,0.06327616423368453,0.049970433115959174,0.04376108944416046,0.03548196330666542,0.03962152451276779,0.03962152451276779,0.03962152451276779,0.0443524532020092,0.04050857573747635,0.03873447701334953,0.0,0.20313423871994016,0.5901833176612854,0.9305145144462584,0.985807240009308,0.2953873574733734,0.06534595042467117,0.10526315867900847,0.10171496123075485,0.08338261395692825,0.0,0.0,0.0,0.0,0.0,0.0,0.0,0.0,0.0,0.0,0.0,0.0,0.0,0.0,0.0,0.0,0.0,0.0,0.0,0.0,0.0,0.0,0.0,0.0,0.0,0.0,0.0,0.0,0.0,0.0,0.0,0.0,0.0,0.0,0.0,0.0,0.0,0.0,0.0,0.0,0.0,0.0,0.0,0.0,0.0,0.0
4,0.9489833116531372,0.5052650570869446,0.0041757444851100445,0.022512707859277725,0.0595497451722622,0.10729847848415375,0.11038489639759064,0.11129266768693925,0.11655773222446443,0.11819171905517578,0.11310820281505585,0.13235294818878174,0.129992738366127,0.13289760053157806,0.13725490868091586,0.15123456716537476,0.15795207023620605,0.15559186041355133,0.1801016628742218,0.1870007216930389,0.20025417208671567,0.22512708604335782,0.23983296751976016,0.2745098173618317,0.2872186005115509,0.3137255012989044,0.33678287267684937,0.3473129868507385,0.3542120456695557,0.34005084633827204,0.31681191921234125,0.2677923142910004,0.22367465496063232,0.1801016628742218,0.15613652765750882,0.13489469885826114,0.11401597410440448,0.10675381124019623,0.10475672036409378,0.0882352963089943,0.09368191659450531,0.10112563520669936,0.09694989025592805,0.09658678621053696,0.0949527993798256,0.09658678621053696,0.09531590342521667,0.09259258955717088,0.09931009262800217,0.1031227335333824,0.10366739332675932,0.1062091514468193,0.10584603995084761,0.09912853688001633,0.09876543283462524,0.10384894907474515,0.1043936088681221,0.10058097541332243,0.09277414530515671,0.09204792976379393,0.10003630816936494,0.09077705442905426,0.09059549868106842,0.09803921729326248,0.09622367471456526,0.08750908076763154,0.09822077304124831,0.09023238718509673,0.08533042669296263,0.0900508314371109,0.09331881254911423,0.08315178006887436,0.09222948551177977,0.08297022432088852,0.08242556452751157,0.09749455004930496,0.1223674640059471,0.1161946281790733,0.11946260184049608,0.13997821509838101,0.09694989025592805,0.12055192142724992,0.11328975856304167,0.09277414530515671,0.0873275250196457,0.08333333581686017,0.08496732264757156,0.07244008779525757,0.07952069491147995,0.08641975373029709,0.0793391466140747,0.07425563037395476,0.08333333581686017,0.024872912093997,0.017247639596462246,0.20769789814949038,0.5301379561424255,1.0,0.924836575984955,0.4413580298423767,0.0,0.022512707859277725,0.07461873441934586,0.11002178490161896,0.1227305755019188,0.1013071909546852,0.11365287005901335,0.10856935381889343,0.11855483055114747,0.11456064134836197,0.13162672519683838,0.13380537927150726,0.1425199657678604,0.15395787358283997,0.15214233100414276,0.163035586476326,0.16594044864177704,0.19262890517711642,0.20025417208671567,0.21822802722454074,0.24037763476371765,0.2672476470470429,0.3070079982280731,0.3224400877952576,0.3331517875194549,0.3503994047641754,0.35893246531486517,0.3471314311027527,0.0,0.0,0.0,0.0,0.0,0.0,0.0,0.0,0.0,0.0,0.0,0.0,0.0,0.0,0.0,0.0,0.0,0.0,0.0,0.0,0.0,0.0,0.0,0.0,0.0,0.0,0.0,0.0,0.0,0.0,0.0,0.0,0.0,0.0,0.0,0.0,0.0,0.0,0.0,0.0,0.0,0.0,0.0,0.0,0.0,0.0,0.0,0.0,0.0,0.0,0.0,0.0,0.0,0.0,0.0,0.0,0.0,0.0,0.0,0.0
5,1.0,0.487679660320282,0.1143052726984024,0.0,0.030116358771920208,0.06502395868301392,0.06091718003153801,0.050992470234632485,0.0533880889415741,0.05167693272233009,0.05886379256844521,0.056125942617654793,0.0581793300807476,0.06810403615236281,0.06570842117071153,0.07118412107229234,0.07837098091840744,0.08076659590005873,0.09171800315380096,0.09411361813545228,0.1122518852353096,0.1344969272613525,0.14168377220630643,0.15434633195400238,0.18240930140018466,0.1998631060123444,0.23648186028003684,0.2635181248188018,0.290554404258728,0.310403823852539,0.3302532434463501,0.3357289433479309,0.3234086334705353,0.276865154504776,0.23100616037845606,0.1827515363693237,0.14750170707702637,0.1197809725999832,0.09958932548761369,0.09274469316005707,0.08076659590005873,0.07973990589380264,0.07665982097387315,0.07529089599847794,0.07529089599847794,0.07768651843070982,0.07529089599847794,0.07802874594926834,0.07700205594301222,0.07426420599222182,0.07734428346157075,0.07905544340610504,0.08042436838150024,0.08521560579538345,0.07631759345531462,0.07529089599847794,0.08761122822761536,0.08384668081998825,0.08213552087545395,0.08145105838775633,0.08042436838150024,0.08350444585084917,0.08213552087545395,0.07802874594926834,0.07871320843696594,0.07973990589380264,0.07665982097387315,0.07837098091840744,0.07665982097387315,0.07494866847991942,0.07700205594301222,0.08281998336315155,0.07323750853538513,0.07597535848617554,0.07768651843070982,0.07460643351078033,0.07700205594301222,0.07426420599222182,0.07460643351078033,0.06810403615236281,0.07392197102308273,0.07152634859085083,0.06741957366466521,0.07529089599847794,0.07563313096761702,0.06707734614610672,0.07426420599222182,0.07289527356624603,0.07049965858459473,0.07597535848617554,0.07426420599222182,0.07357974350452423,0.07734428346157075,0.07323750853538513,0.07460643351078033,0.07700205594301222,0.08110883086919783,0.07939767092466354,0.07255304604768754,0.07700205594301222,0.08487337082624435,0.07357974350452423,0.07905544340610504,0.08384668081998825,0.07871320843696594,0.08213552087545395,0.07597535848617554,0.10095825046300888,0.1156741976737976,0.12217659503221512,0.13860370218753815,0.14613278210163116,0.15331964194774628,0.15571525692939758,0.12936344742774963,0.12799452245235443,0.1139630377292633,0.09822040051221848,0.08590006828308107,0.07494866847991942,0.07152634859085083,0.06981519609689713,0.059206023812294,0.00273785088211298,0.03935660421848297,0.24435319006443024,0.6026694178581238,0.994182050228119,0.7310061454772948,0.3600273728370666,0.059206023812294,0.02224503830075264,0.06844627112150192,0.08966461569070816,0.08281998336315155,0.08042436838150024,0.07905544340610504,0.08179329335689543,0.08624230325222015,0.08521560579538345,0.08692676573991774,0.09445585310459137,0.10164271295070648,0.10403832793235779,0.11738535016775133,0.118412047624588,0.13004791736602783,0.13723477721214294,0.14955510199069977,0.158453106880188,0.1759069114923477,0.19404517114162445,0.0,0.0,0.0,0.0,0.0,0.0,0.0,0.0,0.0,0.0,0.0,0.0,0.0,0.0,0.0,0.0,0.0,0.0,0.0,0.0,0.0,0.0,0.0,0.0,0.0,0.0,0.0,0.0,0.0,0.0,0.0,0.0,0.0,0.0,0.0,0.0
6,1.0,0.4603807032108307,0.12217795848846436,0.009296149015426637,0.12571933865547183,0.22000885009765625,0.26737493276596064,0.262948215007782,0.2602921724319458,0.27401503920555115,0.2819831669330597,0.2819831669330597,0.29659140110015864,0.2957060635089874,0.3014608323574066,0.3098716139793396,0.31651172041893005,0.3191677629947662,0.3156263828277588,0.32270917296409607,0.34351482987403864,0.36609119176864624,0.3820274472236633,0.3970783650875092,0.4130146205425262,0.43957504630088806,0.4727755784988404,0.4988933205604553,0.525896430015564,0.5542275309562684,0.5807879567146301,0.5900841355323792,0.5922974944114685,0.587428092956543,0.5661797523498535,0.5254537463188172,0.4763169586658477,0.4311642348766327,0.3864541947841644,0.3466135561466217,0.3169544041156768,0.2992474436759949,0.2926073372364044,0.2802124917507172,0.27091634273529047,0.262948215007782,0.2625055313110352,0.2602921724319458,0.26073482632637024,0.26117751002311707,0.2602921724319458,0.2589641511440277,0.25940680503845215,0.2576361298561097,0.25807878375053406,0.2638335525989533,0.2576361298561097,0.2576361298561097,0.24701195955276484,0.24037185311317444,0.23904383182525635,0.23771581053733826,0.2363877892494202,0.2350597679615021,0.2416998744010925,0.2416998744010925,0.2430278956890106,0.24214254319667816,0.24037185311317444,0.2372731268405914,0.2434705644845962,0.24214254319667816,0.22487826645374298,0.22133687138557437,0.2186808288097381,0.21425409615039825,0.22222222387790683,0.22133687138557437,0.21336874365806574,0.2089420109987259,0.2107127010822296,0.21425409615039825,0.2107127010822296,0.20982736349105838,0.210270032286644,0.2173528075218201,0.22045153379440308,0.21823816001415247,0.21691013872623444,0.21691013872623444,0.21159805357456207,0.20628596842288968,0.20584329962730408,0.20628596842288968,0.2009738832712173,0.2040725946426392,0.204515278339386,0.20495794713497156,0.21425409615039825,0.2146967649459839,0.20982736349105838,0.2266489565372467,0.26604691147804255,0.24391323328018186,0.24612660706043246,0.2173528075218201,0.21425409615039825,0.19964586198329923,0.20672863721847531,0.19477644562721247,0.1903497129678726,0.1885790228843689,0.1903497129678726,0.19477644562721247,0.1912350654602051,0.1903497129678726,0.1974324882030487,0.19212040305137634,0.18415227532386777,0.2151394486427307,0.36786189675331127,0.5772465467453002,0.895971655845642,0.9362549781799316,0.37760069966316223,0.07658255845308304,0.0,0.12350597977638242,0.210270032286644,0.2532093822956085,0.26560425758361816,0.27180168032646174,0.2775564491748809,0.2793271243572235,0.27401503920555115,0.2766710817813873,0.27135899662971497,0.272687017917633,0.2806551456451416,0.2810978293418884,0.2833111882209777,0.2926073372364044,0.3014608323574066,0.32359451055526733,0.332890659570694,0.350597620010376,0.0,0.0,0.0,0.0,0.0,0.0,0.0,0.0,0.0,0.0,0.0,0.0,0.0,0.0,0.0,0.0,0.0,0.0,0.0,0.0,0.0,0.0,0.0,0.0,0.0,0.0,0.0,0.0,0.0,0.0,0.0,0.0,0.0,0.0,0.0,0.0,0.0,0.0,0.0,0.0,0.0,0.0
7,1.0,0.7551020383834839,0.13511611521244046,0.0,0.2857142984867096,0.33145672082901,0.25686135888099676,0.2582688331604004,0.25334271788597107,0.27726954221725464,0.2371569275856018,0.19704432785511014,0.23434200882911685,0.1928219497203827,0.24700914323329926,0.1639690399169922,0.1604503840208054,0.2448979616165161,0.21604503691196442,0.23645320534706116,0.2392681241035461,0.2188599556684494,0.20900774002075198,0.2188599556684494,0.256157636642456,0.25967627763748163,0.27938070893287653,0.28641802072525024,0.2843068242073059,0.3525686264038086,0.35960590839385986,0.3842364549636841,0.41027444601058954,0.34271639585494995,0.35608726739883423,0.26812103390693665,0.273047149181366,0.19563686847686768,0.21745249629020688,0.1731175184249878,0.19211822748184204,0.15270936489105222,0.18367347121238708,0.14848698675632477,0.1653764992952347,0.18930330872535706,0.13652357459068298,0.21393385529518127,0.1534130871295929,0.18085855245590207,0.15130190551280975,0.16748768091201782,0.16467276215553284,0.1548205465078354,0.15130190551280975,0.20408163964748385,0.17593243718147278,0.16185784339904785,0.19141449034214014,0.1935256868600845,0.15763546526432035,0.1534130871295929,0.21674877405166626,0.13018999993801117,0.2230823338031769,0.21674877405166626,0.2638986706733705,0.33216044306755066,0.3040112555027008,0.2920478582382202,0.37227305769920344,0.3736805021762848,0.2962702214717865,0.19071076810359955,0.20337790250778204,0.19071076810359955,0.1548205465078354,0.09641097486019135,0.13018999993801117,0.10204081982374193,0.12667135894298553,0.09359605610370637,0.11118930578231812,0.07318789511919022,0.1562280058860779,0.054187193512916565,0.3082336485385895,0.8444757461547852,0.6213933825492859,0.1625615805387497,0.03237156942486764,0.23434200882911685,0.2484166026115417,0.16467276215553284,0.16959887742996219,0.14215341210365295,0.19915552437305448,0.15552428364753726,0.15411682426929474,0.14707952737808228,0.15411682426929474,0.13652357459068298,0.19845178723335266,0.10978184640407561,0.14707952737808228,0.0,0.0,0.0,0.0,0.0,0.0,0.0,0.0,0.0,0.0,0.0,0.0,0.0,0.0,0.0,0.0,0.0,0.0,0.0,0.0,0.0,0.0,0.0,0.0,0.0,0.0,0.0,0.0,0.0,0.0,0.0,0.0,0.0,0.0,0.0,0.0,0.0,0.0,0.0,0.0,0.0,0.0,0.0,0.0,0.0,0.0,0.0,0.0,0.0,0.0,0.0,0.0,0.0,0.0,0.0,0.0,0.0,0.0,0.0,0.0,0.0,0.0,0.0,0.0,0.0,0.0,0.0,0.0,0.0,0.0,0.0,0.0,0.0,0.0,0.0,0.0,0.0,0.0,0.0,0.0,0.0,0.0,0.0
8,1.0,0.7061759233474731,0.3231441080570221,0.10168433934450148,0.013724266551434992,0.22270742058753967,0.2857142984867096,0.29569557309150696,0.3250156044960022,0.3505926430225372,0.3611977398395538,0.3699313700199127,0.36868372559547424,0.37429818511009216,0.3842794895172119,0.38303181529045105,0.3817841410636902,0.3942607641220093,0.4054897129535675,0.41796630620956415,0.43293824791908253,0.4522769749164581,0.471615731716156,0.4990642666816712,0.5396132469177247,0.5807860493659973,0.6207111477851868,0.645664393901825,0.6805988550186157,0.6974422931671144,0.7043044567108154,0.6887086629867553,0.65751713514328,0.5907673239707946,0.5177791714668274,0.4616344273090362,0.40923267602920527,0.3718028664588928,0.34497815370559687,0.33312538266181946,0.3231441080570221,0.3194011151790619,0.3119151592254638,0.3181534707546234,0.31441047787666315,0.31129133701324463,0.3156581521034241,0.3194011151790619,0.3194011151790619,0.3100436627864838,0.31253898143768316,0.3194011151790619,0.321272611618042,0.32376793026924133,0.3262632489204407,0.3231441080570221,0.3206487894058228,0.31441047787666315,0.3250156044960022,0.32189643383026123,0.31628197431564326,0.31441047787666315,0.31690579652786255,0.30068621039390564,0.2950717508792877,0.2981908917427063,0.305053025484085,0.29694321751594543,0.29569557309150696,0.29631939530372614,0.29008108377456665,0.28321895003318787,0.3000623881816864,0.2913287580013275,0.2907049357891083,0.285090446472168,0.27947598695755,0.28633812069892883,0.28072363138198847,0.2869619429111481,0.2769806683063507,0.27947598695755,0.2769806683063507,0.28321895003318787,0.28259512782096863,0.27323767542839045,0.2782283127307892,0.29569557309150696,0.2944478988647461,0.3087960183620453,0.31503430008888245,0.2950717508792877,0.2888334393501282,0.2751091718673706,0.2769806683063507,0.27261385321617126,0.2701185345649719,0.2551465928554535,0.23206487298011774,0.2376793473958969,0.243293821811676,0.2520274519920349,0.2526512742042541,0.2557704448699951,0.24641297757625574,0.2526512742042541,0.3537117838859558,0.41547098755836487,0.5233936309814452,0.898315668106079,0.9270118474960326,0.4379288852214813,0.21459762752056122,0.0,0.027448533102869984,0.21771678328514096,0.2501559555530548,0.26138490438461304,0.2763568162918091,0.3038053512573242,0.29694321751594543,0.3038053512573242,0.2950717508792877,0.31628197431564326,0.3194011151790619,0.310667484998703,0.32439175248146057,0.3431066870689392,0.34435433149337763,0.35558328032493597,0.3643169105052948,0.38116031885147084,0.0,0.0,0.0,0.0,0.0,0.0,0.0,0.0,0.0,0.0,0.0,0.0,0.0,0.0,0.0,0.0,0.0,0.0,0.0,0.0,0.0,0.0,0.0,0.0,0.0,0.0,0.0,0.0,0.0,0.0,0.0,0.0,0.0,0.0,0.0,0.0,0.0,0.0,0.0,0.0,0.0,0.0,0.0,0.0,0.0,0.0,0.0,0.0,0.0,0.0,0.0,0.0,0.0,0.0,0.0,0.0
9,0.9693406224250792,0.6556068658828735,0.17345653474330902,0.0,0.06047879159450531,0.19109617173671717,0.2486350238323212,0.25997480750083923,0.265854686498642,0.2624947428703308,0.26333472132682795,0.2780344486236572,0.2830743491649628,0.2868542671203613,0.2923141419887543,0.29441410303115845,0.3023939430713653,0.31667366623878473,0.3271734416484833,0.3431331515312194,0.35615286231040955,0.3607727885246277,0.37337252497673035,0.3968920707702637,0.41705167293548573,0.4460310935974121,0.4724905490875245,0.4981100261211395,0.5325493216514587,0.5573288798332214,0.579168438911438,0.5959680676460265,0.5984880328178405,0.5963881015777588,0.5758084654808046,0.5354892611503601,0.4922301471233368,0.441411167383194,0.3964720666408538,0.3590928316116333,0.3309533894062042,0.3057538866996765,0.29441410303115845,0.2818143665790557,0.2801344096660614,0.2725745439529419,0.27173456549644476,0.2700546085834503,0.27047458291053766,0.2746745049953461,0.2708945870399475,0.2742545008659363,0.2792944014072418,0.28559428453445435,0.2881142497062683,0.2986140251159668,0.29483410716056824,0.30155396461486816,0.3023939430713653,0.2998740077018738,0.30323392152786255,0.30323392152786255,0.2990340292453766,0.2986140251159668,0.28979420661926264,0.2918941676616669,0.2902141809463501,0.2923141419887543,0.2868542671203613,0.2918941676616669,0.29357412457466125,0.28601428866386414,0.2801344096660614,0.2788744270801545,0.2763544619083404,0.2746745049953461,0.2742545008659363,0.27845442295074463,0.2826543450355529,0.2847543060779572,0.2818143665790557,0.28055438399314886,0.27719447016716,0.2729945480823517,0.2729945480823517,0.26711466908454895,0.2738345265388489,0.2700546085834503,0.2641747295856476,0.2679546475410461,0.2679546475410461,0.2692146301269531,0.265854686498642,0.2612347900867462,0.26669466495513916,0.26207476854324335,0.2603947818279266,0.25955480337142944,0.26501470804214483,0.2608147859573364,0.2629147469997406,0.2566148638725281,0.2700546085834503,0.3040739297866821,0.3078538477420807,0.3036539256572724,0.2910541892051697,0.2746745049953461,0.2696346044540405,0.2708945870399475,0.26207476854324335,0.2553548812866211,0.2612347900867462,0.26333472132682795,0.26627466082572937,0.27215456962585444,0.2797144055366516,0.2767744660377502,0.2692146301269531,0.25997480750083923,0.2729945480823517,0.4069718718528748,0.6026879549026488,0.8777824640274048,1.0,0.4880302250385285,0.16715665161609647,0.060058798640966415,0.17051659524440765,0.25997480750083923,0.30491390824317927,0.30071398615837097,0.29819405078887934,0.31121376156806946,0.318773627281189,0.318773627281189,0.3326333463191986,0.3317933678627014,0.3372532427310944,0.34523308277130127,0.3515329658985138,0.35405293107032776,0.3506929874420166,0.3574128448963165,0.3771524429321289,0.3985720276832581,0.0,0.0,0.0,0.0,0.0,0.0,0.0,0.0,0.0,0.0,0.0,0.0,0.0,0.0,0.0,0.0,0.0,0.0,0.0,0.0,0.0,0.0,0.0,0.0,0.0,0.0,0.0,0.0,0.0,0.0,0.0,0.0,0.0,0.0,0.0,0.0,0.0,0.0,0.0,0.0,0.0,0.0
10,1.0,0.19274567067623136,0.02319696359336376,0.04723745211958886,0.027414593845605847,0.09447490423917772,0.11514128744602205,0.1189371570944786,0.12695065140724182,0.1290594637393951,0.12737241387367249,0.12990298867225647,0.13159005343914032,0.13580767810344696,0.1396035403013229,0.14044706523418424,0.14424294233322146,0.1455082297325134,0.1564740687608719,0.1573175936937332,0.16533108055591586,0.15984816849231717,0.17081400752067566,0.17714044451713562,0.18810628354549408,0.19443273544311523,0.1990721225738525,0.2142555862665176,0.2218473255634308,0.2340784519910813,0.23703078925609586,0.24841839075088495,0.25558835268020624,0.25980597734451294,0.2568536400794983,0.2467313408851624,0.23998312652111056,0.2226908504962921,0.2091944366693497,0.20160269737243647,0.18515394628047943,0.17250105738639832,0.15900464355945587,0.1509911417961121,0.1446647047996521,0.14382117986679074,0.13707296550273898,0.13369886577129364,0.13116827607154846,0.13201181590557098,0.1294812262058258,0.1235765516757965,0.13243357837200162,0.13454239070415497,0.1412905901670456,0.1446647047996521,0.1480388045310974,0.15436524152755737,0.1564740687608719,0.15563052892684934,0.1573175936937332,0.16026993095874786,0.16195698082447052,0.15689583122730255,0.15942640602588654,0.15478700399398804,0.15267819166183472,0.14888232946395874,0.14592999219894406,0.14382117986679074,0.1421341150999069,0.14086882770061496,0.1307465136051178,0.1235765516757965,0.13496415317058563,0.1290594637393951,0.12779417634010312,0.1294812262058258,0.12442007660865785,0.12695065140724182,0.12568536400794986,0.12399831414222717,0.12399831414222717,0.13159005343914032,0.14297764003276825,0.16237874329090118,0.1965415477752685,0.2020244598388672,0.18852804601192477,0.18557570874691007,0.2172079235315323,0.20835091173648834,0.19021509587764734,0.18852804601192477,0.18009278178215027,0.1396035403013229,0.11261071264743808,0.10417545586824416,0.10248839855194093,0.09489666670560834,0.08814845979213713,0.08772669732570648,0.08814845979213713,0.08393082767724992,0.08646140992641449,0.09194432944059373,0.0873049348592758,0.08393082767724992,0.05820329114794731,0.11261071264743808,0.2167861610651016,0.5563053488731384,0.9152256250381468,0.8966680765151978,0.09574019163846967,0.0,0.029945170506834987,0.019401095807552334,0.07591733336448668,0.09320961683988573,0.10417545586824416,0.10417545586824416,0.10459721833467485,0.1037536934018135,0.10923660546541215,0.11303247511386873,0.1109236627817154,0.1142977625131607,0.1210459694266319,0.1235765516757965,0.1282159388065338,0.12695065140724182,0.1307465136051178,0.13496415317058563,0.1471952795982361,0.1518346667289734,0.16026993095874786,0.16490931808948514,0.17503163218498227,0.19021509587764734,0.1986503601074219,0.0,0.0,0.0,0.0,0.0,0.0,0.0,0.0,0.0,0.0,0.0,0.0,0.0,0.0,0.0,0.0,0.0,0.0,0.0,0.0,0.0,0.0,0.0,0.0,0.0,0.0,0.0,0.0,0.0,0.0,0.0,0.0,0.0,0.0,0.0,0.0,0.0,0.0,0.0,0.0,0.0,0.0,0.0,0.0,0.0,0.0,0.0
11,1.0,0.9159663915634156,0.1920768320560456,0.14885954558849335,0.1680672317743301,0.2310924381017685,0.24189676344394684,0.252701073884964,0.2298919558525085,0.25870347023010254,0.2202881127595901,0.23409363627433774,0.2713085114955902,0.26590636372566223,0.2887154817581177,0.27611044049263,0.28811523318290716,0.25510203838348383,0.33193278312683105,0.3259303867816925,0.3697479069232941,0.3667466938495636,0.4225690364837646,0.4231692552566528,0.5018007159233094,0.5666266679763794,0.5558223128318787,0.6152461171150208,0.5954381823539734,0.6848739385604858,0.65666264295578,0.6494597792625427,0.6086434721946716,0.5420168042182921,0.5018007159233094,0.400960385799408,0.3331332504749298,0.29891955852508545,0.2593037188053131,0.2575030028820038,0.175870344042778,0.20348139107227325,0.1692677140235901,0.19147658348083496,0.15006002783775327,0.15906362235546112,0.16026410460472104,0.152460977435112,0.15666265785694122,0.17947179079055786,0.138055220246315,0.16386555135250092,0.16266506910324094,0.13865546882152555,0.1668667495250702,0.16386555135250092,0.19447779655456546,0.1692677140235901,0.17406962811946866,0.18547418713569638,0.18727490305900574,0.16026410460472104,0.19507803022861478,0.15846338868141174,0.12484993785619734,0.15666265785694122,0.15846338868141174,0.13745498657226562,0.12244898080825806,0.17406962811946866,0.13205282390117645,0.16446578502655027,0.1728691458702087,0.13925570249557495,0.13865546882152555,0.18307322263717649,0.18367347121238708,0.17226891219615936,0.2100840359926224,0.261704683303833,0.28091236948966974,0.22749099135398865,0.17707082629203796,0.1680672317743301,0.06242496892809867,0.04621848836541176,0.08703481405973433,0.025210084393620484,0.05582232773303986,0.08883553743362427,0.02941176481544971,0.000600240076892078,0.09543817490339279,0.28451380133628845,0.5462185144424438,0.8793517351150513,0.9687874913215636,0.12785114347934723,0.0,0.040816325694322586,0.1458583474159241,0.1410564184188843,0.09903961420059201,0.15486194193363187,0.13625450432300568,0.14165666699409485,0.1710684299468994,0.13745498657226562,0.10384153574705125,0.14465786516666412,0.12064825743436812,0.18007202446460724,0.18667466938495636,0.18427370488643646,0.2394957989454269,0.25210085511207586,0.3259303867816925,0.0,0.0,0.0,0.0,0.0,0.0,0.0,0.0,0.0,0.0,0.0,0.0,0.0,0.0,0.0,0.0,0.0,0.0,0.0,0.0,0.0,0.0,0.0,0.0,0.0,0.0,0.0,0.0,0.0,0.0,0.0,0.0,0.0,0.0,0.0,0.0,0.0,0.0,0.0,0.0,0.0,0.0,0.0,0.0,0.0,0.0,0.0,0.0,0.0,0.0,0.0,0.0,0.0,0.0,0.0,0.0,0.0,0.0,0.0,0.0,0.0,0.0,0.0,0.0,0.0,0.0,0.0,0.0,0.0,0.0,0.0
12,0.9256696701049804,0.7910714149475098,0.4589285850524902,0.24241071939468384,0.142633929848671,0.17991071939468384,0.19084821641445157,0.18415178358554843,0.1863839328289032,0.18325893580913544,0.18526785075664517,0.18906250596046448,0.18973214924335483,0.19263392686843872,0.1953125,0.20089285075664517,0.20357142388820648,0.20535714924335483,0.2109375,0.21919642388820648,0.2294642925262451,0.23906250298023224,0.25111606717109675,0.2633928656578064,0.2785714268684387,0.29151785373687744,0.3051339387893677,0.3207589387893677,0.3332589268684387,0.339732140302658,0.3424107134342194,0.3444196283817291,0.3366071283817291,0.3176339268684387,0.2906250059604645,0.26316964626312256,0.2388392835855484,0.22120535373687744,0.20580357313156128,0.19553571939468384,0.18906250596046448,0.18214285373687744,0.18303571641445157,0.1808035671710968,0.18125000596046448,0.18125000596046448,0.18214285373687744,0.18348214030265808,0.18102678656578064,0.18102678656578064,0.18236607313156128,0.18660713732242584,0.18214285373687744,0.18325893580913544,0.18459820747375488,0.18616071343421936,0.18370535969734192,0.18303571641445157,0.18281249701976776,0.18348214030265808,0.1816964298486709,0.17991071939468384,0.1790178567171097,0.18013392388820648,0.18147321045398712,0.17745535075664517,0.17656250298023224,0.19575892388820648,0.20691964030265808,0.21651785075664517,0.2118303626775741,0.22142857313156128,0.2383928596973419,0.2421875,0.2441964298486709,0.2281250059604645,0.2024553567171097,0.17700892686843872,0.17053571343421936,0.16383928060531616,0.15535713732242584,0.15401785075664517,0.15446428954601288,0.15178571641445157,0.15111607313156128,0.15223214030265808,0.15267856419086456,0.154241070151329,0.15446428954601288,0.1339285671710968,0.0,0.02276785671710968,0.27321428060531616,0.6441964507102966,1.0,0.710714280605316,0.4158482253551483,0.18772321939468384,0.15401785075664517,0.18392856419086456,0.18883928656578064,0.1808035671710968,0.1808035671710968,0.18236607313156128,0.18459820747375488,0.18660713732242584,0.18616071343421936,0.1883928626775741,0.19218750298023224,0.1964285671710968,0.19821429252624512,0.20156249403953552,0.0,0.0,0.0,0.0,0.0,0.0,0.0,0.0,0.0,0.0,0.0,0.0,0.0,0.0,0.0,0.0,0.0,0.0,0.0,0.0,0.0,0.0,0.0,0.0,0.0,0.0,0.0,0.0,0.0,0.0,0.0,0.0,0.0,0.0,0.0,0.0,0.0,0.0,0.0,0.0,0.0,0.0,0.0,0.0,0.0,0.0,0.0,0.0,0.0,0.0,0.0,0.0,0.0,0.0,0.0,0.0,0.0,0.0,0.0,0.0,0.0,0.0,0.0,0.0,0.0,0.0,0.0,0.0,0.0,0.0,0.0,0.0,0.0,0.0,0.0,0.0
13,1.0,0.6448717713356018,0.30897435545921326,0.07628205418586731,0.03333333507180214,0.23589743673801425,0.2833333313465118,0.2935897409915924,0.31794872879981995,0.3301281929016113,0.3474358916282653,0.3525640964508057,0.35641026496887207,0.35448718070983887,0.35961538553237915,0.3705128133296967,0.3762820661067962,0.3865384757518768,0.3756410181522368,0.3974359035491943,0.4115384519100189,0.42948716878890997,0.4570512771606445,0.4846153855323793,0.5147435665130615,0.5442307591438293,0.5788461565971375,0.607692301273346,0.6282051205635071,0.6435897350311279,0.6576923131942748,0.6666666865348815,0.6493589878082277,0.5948718190193176,0.5416666865348816,0.4903846085071564,0.4423076808452607,0.4051282107830048,0.3737179338932037,0.3480769097805024,0.34166666865348816,0.3294871747493744,0.32307693362236023,0.3198717832565308,0.32307693362236023,0.31153845787048334,0.3121794760227204,0.32435896992683405,0.30897435545921326,0.31602564454078674,0.3134615421295166,0.3121794760227204,0.3153846263885498,0.3025641143321991,0.3134615421295166,0.3064102530479431,0.3166666626930237,0.31410256028175354,0.30512821674346924,0.31153845787048334,0.3012820482254028,0.3064102530479431,0.2974359095096588,0.30192306637763977,0.303846150636673,0.29679486155509943,0.29679486155509943,0.3012820482254028,0.29487180709838867,0.289102554321289,0.2993589639663696,0.289102554321289,0.2737179398536682,0.2878205180168152,0.2865384519100189,0.2794871926307678,0.2782051265239715,0.28012821078300476,0.2897436022758484,0.2833333313465118,0.282051295042038,0.28397434949874883,0.2782051265239715,0.2762820422649384,0.2846153974533081,0.2737179398536682,0.2730769217014313,0.2782051265239715,0.2794871926307678,0.2794871926307678,0.2846153974533081,0.2782051265239715,0.30192306637763977,0.3237179517745972,0.35641026496887207,0.3698717951774597,0.4096153974533081,0.4173077046871185,0.40576922893524164,0.3807692229747772,0.4173077046871185,0.3673076927661896,0.3307692408561706,0.2846153974533081,0.2711538374423981,0.2737179398536682,0.2775641083717346,0.26730769872665405,0.2653846144676208,0.2775641083717346,0.2717948853969574,0.2814102470874787,0.2826923131942749,0.4076923131942749,0.4333333373069763,0.5480769276618958,0.9134615659713744,0.918589770793915,0.42692306637763977,0.19743590056896207,0.0,0.07820513099431989,0.2391025573015213,0.2628205120563507,0.282051295042038,0.2974359095096588,0.3096153736114502,0.3064102530479431,0.3217948675155641,0.0,0.0,0.0,0.0,0.0,0.0,0.0,0.0,0.0,0.0,0.0,0.0,0.0,0.0,0.0,0.0,0.0,0.0,0.0,0.0,0.0,0.0,0.0,0.0,0.0,0.0,0.0,0.0,0.0,0.0,0.0,0.0,0.0,0.0,0.0,0.0,0.0,0.0,0.0,0.0,0.0,0.0,0.0,0.0,0.0,0.0,0.0,0.0,0.0,0.0,0.0,0.0,0.0,0.0,0.0,0.0,0.0,0.0,0.0
14,0.9689399003982544,0.5084402561187744,0.13234300911426544,0.06617150455713271,0.0006752194603905082,0.04456448182463646,0.05536799505352973,0.04388926550745964,0.029034435749053955,0.022957460954785344,0.024307899177074432,0.02565833926200867,0.020931802690029148,0.038487508893013,0.043214045464992516,0.042538825422525406,0.046590141952037804,0.05941931158304215,0.07359892129898071,0.09723159670829774,0.08777853101491928,0.08372721076011659,0.08507765084505081,0.08777853101491928,0.09318028390407561,0.10668466985225676,0.12018906325101852,0.1228899359703064,0.14112086594104767,0.16002701222896576,0.177582710981369,0.18703578412532806,0.19851452112197876,0.19783930480480194,0.18298447132110596,0.1654287576675415,0.15462525188922882,0.13234300911426544,0.09588116407394409,0.0729236975312233,0.042538825422525406,0.023632680997252464,0.030384875833988186,0.028359217569231987,0.015530047006905079,0.0,0.007427413947880269,0.003376097185537219,0.02228224091231823,0.030384875833988186,0.04591492190957069,0.020256582647562024,0.041863605380058296,0.07157326489686966,0.06482106447219849,0.06076975166797637,0.05806887149810791,0.045239701867103584,0.057393651455640786,0.046590141952037804,0.03781228885054588,0.04051316529512405,0.05266711860895156,0.03578663244843483,0.05199189856648445,0.0499662384390831,0.041863605380058296,0.03916272893548012,0.03241053223609924,0.041863605380058296,0.028359217569231987,0.020256582647562024,0.016205266118049618,0.019581364467740055,0.031060094013810168,0.03578663244843483,0.033085752278566354,0.041863605380058296,0.05536799505352973,0.053342334926128394,0.06684672832489014,0.07427413761615753,0.09115462750196457,0.09318028390407561,0.09385550022125246,0.09115462750196457,0.08845374733209611,0.07967589795589446,0.09115462750196457,0.13369345664978027,0.15124915540218353,0.1627278923988342,0.17825792729854584,0.1471978425979614,0.11411208659410478,0.10735989362001422,0.10600945353507996,0.10668466985225676,0.10330857336521149,0.08642809092998503,0.0999324768781662,0.12424037605524064,0.12964212894439694,0.11208643019199373,0.11276164650917052,0.10330857336521149,0.08440242707729338,0.012153949588537216,0.05064145848155021,0.20324105024337769,0.4726535975933075,0.9250506162643432,1.0,0.5232950448989868,0.18433490395545957,0.14112086594104767,0.09925726056098937,0.1465226262807846,0.15192437171936035,0.13706955313682556,0.12424037605524064,0.13234300911426544,0.14044564962387088,0.15124915540218353,0.14922349154949188,0.15732613205909726,0.1694800853729248,0.16475354135036469,0.17555706202983856,0.19108709692955014,0.21809588372707367,0.2275489568710327,0.230925053358078,0.2498311996459961,0.24442943930625916,0.2505064010620117,0.0,0.0,0.0,0.0,0.0,0.0,0.0,0.0,0.0,0.0,0.0,0.0,0.0,0.0,0.0,0.0,0.0,0.0,0.0,0.0,0.0,0.0,0.0,0.0,0.0,0.0,0.0,0.0,0.0,0.0,0.0,0.0,0.0,0.0,0.0,0.0,0.0,0.0,0.0,0.0,0.0,0.0,0.0,0.0,0.0,0.0,0.0,0.0,0.0,0.0,0.0,0.0
15,0.922605812549591,0.6714922189712526,0.2310690432786941,0.0050111357122659675,0.07572383433580399,0.06904231756925584,0.05623608082532883,0.05400890856981277,0.04844098165631294,0.051781736314296715,0.060690421611070626,0.06013362854719161,0.064031183719635,0.06737193465232849,0.06180400773882866,0.06625834852457048,0.064031183719635,0.07071269303560257,0.08184855431318283,0.0768374130129814,0.0801781713962555,0.09910912811756135,0.10412026941776276,0.11080177873373033,0.11692650616168974,0.12138084322214128,0.12472160160541534,0.1391982138156891,0.15478841960430145,0.18262806534767154,0.21213808655738833,0.23162584006786344,0.2728285193443298,0.30734965205192566,0.326837420463562,0.34799554944038397,0.36024498939514166,0.3435412049293518,0.30289533734321594,0.25668150186538696,0.19933184981346128,0.16258351504802704,0.11971046775579453,0.0974387526512146,0.08129175752401352,0.07461024820804596,0.059020046144723885,0.07015590369701387,0.0679287314414978,0.06236080080270767,0.05957683920860291,0.06124721467494964,0.06458797305822372,0.05456570163369178,0.0679287314414978,0.06458797305822372,0.0679287314414978,0.07405345141887663,0.0762806236743927,0.07739420980215071,0.08296214044094086,0.08518931269645691,0.08741647750139236,0.08685968816280366,0.08129175752401352,0.08296214044094086,0.09131403267383577,0.09632516652345655,0.09075723588466643,0.09298440814018248,0.08685968816280366,0.08351892977952957,0.0974387526512146,0.09020044654607771,0.08129175752401352,0.07516703754663467,0.07795099914073944,0.07962138205766679,0.07850779592990875,0.09799554198980334,0.08685968816280366,0.08908686041831969,0.09298440814018248,0.08574610203504562,0.08741647750139236,0.08853006362915039,0.09187082201242447,0.08630289882421492,0.07906458526849747,0.07795099914073944,0.07906458526849747,0.07795099914073944,0.08685968816280366,0.10467705875635148,0.12305122613906863,0.1486636996269226,0.15033407509326935,0.1436525583267212,0.1525612473487854,0.18207126855850214,0.16481068730354306,0.13307349383831024,0.1430957615375519,0.12305122613906863,0.09576837718486783,0.09131403267383577,0.07349666208028793,0.07349666208028793,0.07238307595252991,0.0679287314414978,0.06904231756925584,0.06737193465232849,0.07405345141887663,0.06180400773882866,0.0,0.0022271715570241213,0.2037861943244934,0.7967705726623534,1.0,0.7321826219558717,0.25612473487854004,0.05233852937817573,0.1191536784172058,0.1397550106048584,0.11692650616168974,0.09855233877897261,0.09632516652345655,0.10412026941776276,0.1018930971622467,0.09910912811756135,0.10022271424531937,0.10690423101186752,0.10579064488410947,0.1146993339061737,0.11692650616168974,0.10746102780103683,0.10412026941776276,0.10968819260597229,0.11302895098924637,0.10801781713962555,0.12026725709438328,0.11581292003393172,0.1308463215827942,0.1364142596721649,0.1520044505596161,0.1570155918598175,0.18151447176933289,0.0,0.0,0.0,0.0,0.0,0.0,0.0,0.0,0.0,0.0,0.0,0.0,0.0,0.0,0.0,0.0,0.0,0.0,0.0,0.0,0.0,0.0,0.0,0.0,0.0,0.0,0.0,0.0,0.0,0.0,0.0,0.0,0.0,0.0,0.0,0.0,0.0,0.0,0.0,0.0,0.0
16,0.9808584451675416,0.3590487241744995,0.06032482534646987,0.009280742146074772,0.09280742704868315,0.1856148540973664,0.20127610862255096,0.22041763365268707,0.2209976762533188,0.2175174057483673,0.2256380468606949,0.2256380468606949,0.2314385175704956,0.230278417468071,0.2273781895637512,0.2360788881778717,0.2360788881778717,0.23259860277175906,0.23955915868282324,0.2552204132080078,0.2726218104362487,0.2877030074596405,0.2981438636779785,0.3201856017112732,0.3393271565437317,0.3578886389732361,0.37296983599662786,0.3781902492046356,0.39385151863098145,0.3863109052181244,0.38457077741622925,0.38515082001686096,0.3671693801879882,0.35092806816101074,0.33236658573150635,0.3080046474933624,0.28944316506385803,0.272041767835617,0.2552204132080078,0.24709977209568024,0.23955915868282324,0.24361948668956765,0.23549884557724,0.23259860277175906,0.2314385175704956,0.2360788881778717,0.23665893077850336,0.23317866027355194,0.23665893077850336,0.2412993013858795,0.2407192587852478,0.24709977209568024,0.24709977209568024,0.2529002428054809,0.24303944408893585,0.2482598572969437,0.25986078381538397,0.25638049840927124,0.25,0.24361948668956765,0.24767981469631195,0.2494199573993683,0.32772621512413025,0.31322506070137024,0.31786543130874634,0.328306257724762,0.36948955059051514,0.3950116038322449,0.4083526730537415,0.3433874845504761,0.33236658573150635,0.27900230884551996,0.2482598572969437,0.22447796165943143,0.21171693503856656,0.20301623642444608,0.2047563791275024,0.19837586581707004,0.19373549520969394,0.19547563791275024,0.1908352673053741,0.20301623642444608,0.19837586581707004,0.27552205324172974,0.39617168903350836,0.4953596293926239,0.7598608136177064,1.0,0.35672852396965027,0.0423433892428875,0.0,0.1194895580410957,0.18155452609062195,0.2018561512231827,0.20997679233551025,0.20707656443119046,0.2151972204446793,0.20011600852012637,0.21809744834899905,0.2082366645336151,0.2320185601711273,0.2320185601711273,0.2349187880754471,0.2383990734815597,0.0,0.0,0.0,0.0,0.0,0.0,0.0,0.0,0.0,0.0,0.0,0.0,0.0,0.0,0.0,0.0,0.0,0.0,0.0,0.0,0.0,0.0,0.0,0.0,0.0,0.0,0.0,0.0,0.0,0.0,0.0,0.0,0.0,0.0,0.0,0.0,0.0,0.0,0.0,0.0,0.0,0.0,0.0,0.0,0.0,0.0,0.0,0.0,0.0,0.0,0.0,0.0,0.0,0.0,0.0,0.0,0.0,0.0,0.0,0.0,0.0,0.0,0.0,0.0,0.0,0.0,0.0,0.0,0.0,0.0,0.0,0.0,0.0,0.0,0.0,0.0,0.0,0.0,0.0,0.0,0.0,0.0,0.0,0.0
17,1.0,0.6858108043670655,0.32480695843696594,0.23600386083126065,0.2577220201492309,0.22152510285377505,0.2186293452978134,0.21525096893310544,0.20511582493782046,0.20849420130252838,0.2200772166252136,0.22393822669982913,0.22249034047126767,0.23986487090587616,0.24276061356067655,0.2519305050373077,0.2678571343421936,0.2799227833747864,0.29729729890823364,0.3112934231758118,0.3325289487838745,0.36245173215866083,0.39961388707160955,0.43194979429245,0.4570463299751282,0.4584942162036896,0.4720077216625213,0.4724903404712677,0.4551158249378204,0.4198841750621796,0.375,0.32142856717109686,0.28619691729545593,0.2635135054588318,0.2471042424440384,0.2297297269105911,0.21621622145175934,0.20704632997512815,0.21766409277915955,0.2089768350124359,0.21621622145175934,0.21476833522319794,0.21718147397041318,0.2157335877418518,0.21525096893310544,0.2210424691438675,0.21669884026050568,0.20511582493782046,0.20801158249378204,0.2031853348016739,0.20366795361042023,0.19691120088100436,0.2002895772457123,0.20270270109176639,0.23552124202251434,0.24324324727058405,0.24662162363529205,0.30357143282890314,0.2963320314884185,0.3074324429035187,0.2982625365257264,0.271718144416809,0.19449806213378906,0.18098455667495728,0.14478763937950134,0.12982624769210815,0.12982624769210815,0.12306949496269225,0.12162162363529203,0.12210424989461897,0.1293436288833618,0.11486486345529555,0.0825289562344551,0.0,0.10859073698520659,0.4309845566749573,0.8836872577667236,0.8556950092315674,0.4913127422332764,0.17519305646419522,0.13127413392066958,0.16554054617881772,0.1428571492433548,0.14092664420604703,0.14478763937950134,0.1457528918981552,0.14478763937950134,0.1568532884120941,0.15299227833747864,0.15347489714622495,0.16554054617881772,0.1732625514268875,0.0,0.0,0.0,0.0,0.0,0.0,0.0,0.0,0.0,0.0,0.0,0.0,0.0,0.0,0.0,0.0,0.0,0.0,0.0,0.0,0.0,0.0,0.0,0.0,0.0,0.0,0.0,0.0,0.0,0.0,0.0,0.0,0.0,0.0,0.0,0.0,0.0,0.0,0.0,0.0,0.0,0.0,0.0,0.0,0.0,0.0,0.0,0.0,0.0,0.0,0.0,0.0,0.0,0.0,0.0,0.0,0.0,0.0,0.0,0.0,0.0,0.0,0.0,0.0,0.0,0.0,0.0,0.0,0.0,0.0,0.0,0.0,0.0,0.0,0.0,0.0,0.0,0.0,0.0,0.0,0.0,0.0,0.0,0.0,0.0,0.0,0.0,0.0,0.0,0.0,0.0,0.0,0.0,0.0,0.0,0.0
18,0.9713752269744872,0.5052893757820128,0.052893590182065964,0.0037336652167141438,0.07093963772058487,0.15370255708694458,0.1717485934495926,0.1580584943294525,0.1873055398464203,0.19352830946445465,0.18606097996234894,0.21406346559524536,0.20348475873470304,0.19228376448154447,0.2184194177389145,0.20784069597721094,0.22713130712509155,0.21157436072826385,0.23273180425167084,0.2439327985048294,0.2538892328739166,0.2769134938716888,0.2626011073589325,0.2856253981590271,0.3136278688907623,0.3602986931800842,0.363410085439682,0.4088363349437714,0.4150591194629669,0.44492843747138977,0.4604853689670563,0.4747977554798126,0.4785314202308655,0.4567517042160033,0.43870565295219427,0.39452394843101507,0.3484754264354706,0.347230851650238,0.2955818176269531,0.2744244039058685,0.277535766363144,0.242065966129303,0.2408214062452316,0.2501555681228637,0.22650901973247525,0.23273180425167084,0.25326696038246155,0.2464219033718109,0.2258867472410202,0.24019913375377655,0.25077784061431885,0.2576228976249694,0.2570006251335144,0.2489110082387924,0.2557560801506042,0.25077784061431885,0.25948974490165716,0.2582451701164246,0.2482887357473373,0.21966396272182465,0.2445550709962845,0.22837585210800165,0.2345986366271973,0.2364654690027237,0.24331051111221316,0.2383323013782501,0.21593029797077176,0.21717485785484317,0.2439327985048294,0.25326696038246155,0.2906036078929901,0.32109519839286804,0.3982576131820679,0.3347853124141693,0.31549471616745,0.3354075849056244,0.3273179829120636,0.311138778924942,0.2874922156333923,0.2588674426078796,0.21593029797077176,0.19352830946445465,0.1960174292325973,0.16179215908050534,0.17797137796878812,0.16739265620708466,0.16739265620708466,0.1742377132177353,0.16988176107406616,0.16739265620708466,0.1138767898082733,0.12321095168590546,0.26633477210998535,0.5407592058181763,0.7118855118751525,1.0,0.3795892894268036,0.0,0.0018668326083570719,0.10080896317958833,0.1350342184305191,0.15183572471141818,0.1717485934495926,0.17734909057617188,0.17797137796878812,0.18792781233787534,0.19041693210601807,0.17548225820064545,0.19041693210601807,0.181705042719841,0.20970752835273745,0.20970752835273745,0.23024268448352814,0.2314872443675995,0.2389545738697052,0.2451773434877396,0.273179829120636,0.0,0.0,0.0,0.0,0.0,0.0,0.0,0.0,0.0,0.0,0.0,0.0,0.0,0.0,0.0,0.0,0.0,0.0,0.0,0.0,0.0,0.0,0.0,0.0,0.0,0.0,0.0,0.0,0.0,0.0,0.0,0.0,0.0,0.0,0.0,0.0,0.0,0.0,0.0,0.0,0.0,0.0,0.0,0.0,0.0,0.0,0.0,0.0,0.0,0.0,0.0,0.0,0.0,0.0,0.0,0.0,0.0,0.0,0.0,0.0,0.0,0.0,0.0,0.0,0.0,0.0,0.0,0.0,0.0,0.0,0.0
19,0.982779800891876,0.842558443546295,0.4212792217731476,0.0,0.11992619931697843,0.2490774840116501,0.32718327641487116,0.36715868115425115,0.3573185801506042,0.3677736818790436,0.3683886826038361,0.3585485816001892,0.38806888461112976,0.4059040546417236,0.38314881920814514,0.3936039507389069,0.3972939848899841,0.3972939848899841,0.4034440219402313,0.4126691222190857,0.4188191890716553,0.4268142580986023,0.4261992573738098,0.4329643249511719,0.4268142580986023,0.4249692559242249,0.44218942523002625,0.446494460105896,0.4575645625591278,0.4809347987174988,0.4729397296905517,0.5086100697517395,0.5110701322555542,0.5184502005577089,0.5516605377197266,0.5701106786727904,0.5651906728744506,0.607011079788208,0.5959409475326538,0.6051660776138305,0.5897908806800842,0.5485854744911194,0.5190652012825012,0.4895448982715607,0.4600245952606201,0.4372693598270416,0.4157441556453705,0.3972939848899841,0.3813038170337677,0.37453874945640564,0.3751537501811981,0.361623615026474,0.34993851184844965,0.3892988860607148,0.3813038170337677,0.37453874945640564,0.3892988860607148,0.3794587850570679,0.39975398778915405,0.38499385118484497,0.4065190553665161,0.4169741570949554,0.41020908951759333,0.41389915347099293,0.4065190553665161,0.4046740531921386,0.40036901831626887,0.3800738155841827,0.37576875090599055,0.3794587850570679,0.38868388533592224,0.3585485816001892,0.3806888163089753,0.36961868405342096,0.3800738155841827,0.36285361647605896,0.37146371603012085,0.35793358087539673,0.34993851184844965,0.361623615026474,0.3554735481739044,0.3413284122943878,0.3591635823249817,0.35178351402282715,0.34624844789505005,0.3339483439922333,0.3388683795928955,0.3480934798717499,0.34870848059654236,0.3573185801506042,0.35793358087539673,0.3905289173126221,0.4329643249511719,0.4212792217731476,0.4551045596599578,0.4495694935321808,0.4434194266796112,0.446494460105896,0.4446494579315186,0.4108241200447082,0.41943418979644775,0.3708487153053284,0.3825338184833527,0.34624844789505005,0.36285361647605896,0.32410824298858637,0.3450184464454651,0.3450184464454651,0.339483380317688,0.34993851184844965,0.36715868115425115,0.3456334471702576,0.3560885488986969,0.3111931085586548,0.4292742908000946,0.7509225010871886,0.9741697311401368,1.0,0.5153751373291016,0.08364083617925644,0.10332103073596954,0.26752766966819763,0.3474784791469574,0.39237391948699957,0.4366543591022491,0.4120541214942932,0.41635915637016296,0.4477244913578034,0.4600245952606201,0.4526445269584656,0.46186962723732,0.4477244913578034,0.4477244913578034,0.452029526233673,0.4378843903541565,0.4747847616672516,0.4661746621131897,0.4637146294116973,0.4760147631168365,0.46186962723732,0.4760147631168365,0.0,0.0,0.0,0.0,0.0,0.0,0.0,0.0,0.0,0.0,0.0,0.0,0.0,0.0,0.0,0.0,0.0,0.0,0.0,0.0,0.0,0.0,0.0,0.0,0.0,0.0,0.0,0.0,0.0,0.0,0.0,0.0,0.0,0.0,0.0,0.0,0.0,0.0,0.0,0.0,0.0,0.0,0.0,0.0,0.0,0.0,0.0
